time,queue_length,in_service,scenario,seed
0.0,0,0,Tanpa Intervensi,2026
1.0,0,2,Tanpa Intervensi,2026
2.0,1,2,Tanpa Intervensi,2026
3.0,1,2,Tanpa Intervensi,2026
4.0,1,2,Tanpa Intervensi,2026
5.0,1,2,Tanpa Intervensi,2026
6.0,0,2,Tanpa Intervensi,2026
7.0,0,2,Tanpa Intervensi,2026
8.0,0,1,Tanpa Intervensi,2026
9.0,0,2,Tanpa Intervensi,2026
10.0,0,2,Tanpa Intervensi,2026
11.0,0,1,Tanpa Intervensi,2026
12.0,0,2,Tanpa Intervensi,2026
13.0,0,1,Tanpa Intervensi,2026
14.0,0,1,Tanpa Intervensi,2026
15.0,0,1,Tanpa Intervensi,2026
16.0,0,0,Tanpa Intervensi,2026
17.0,0,1,Tanpa Intervensi,2026
18.0,0,1,Tanpa Intervensi,2026
19.0,0,1,Tanpa Intervensi,2026
20.0,0,1,Tanpa Intervensi,2026
21.0,0,2,Tanpa Intervensi,2026
22.0,1,2,Tanpa Intervensi,2026
23.0,2,2,Tanpa Intervensi,2026
24.0,1,2,Tanpa Intervensi,2026
25.0,1,2,Tanpa Intervensi,2026
26.0,0,2,Tanpa Intervensi,2026
27.0,1,2,Tanpa Intervensi,2026
28.0,0,2,Tanpa Intervensi,2026
29.0,1,2,Tanpa Intervensi,2026
30.0,0,2,Tanpa Intervensi,2026
31.0,0,1,Tanpa Intervensi,2026
32.0,0,1,Tanpa Intervensi,2026
33.0,0,2,Tanpa Intervensi,2026
34.0,0,2,Tanpa Intervensi,2026
35.0,1,2,Tanpa Intervensi,2026
36.0,1,2,Tanpa Intervensi,2026
37.0,1,2,Tanpa Intervensi,2026
38.0,0,2,Tanpa Intervensi,2026
39.0,0,2,Tanpa Intervensi,2026
40.0,1,2,Tanpa Intervensi,2026
41.0,1,2,Tanpa Intervensi,2026
42.0,1,2,Tanpa Intervensi,2026
43.0,1,2,Tanpa Intervensi,2026
44.0,0,2,Tanpa Intervensi,2026
45.0,0,2,Tanpa Intervensi,2026
46.0,0,1,Tanpa Intervensi,2026
47.0,0,1,Tanpa Intervensi,2026
48.0,0,0,Tanpa Intervensi,2026
49.0,0,1,Tanpa Intervensi,2026
50.0,0,1,Tanpa Intervensi,2026
51.0,0,1,Tanpa Intervensi,2026
52.0,0,0,Tanpa Intervensi,2026
53.0,0,0,Tanpa Intervensi,2026
54.0,0,0,Tanpa Intervensi,2026
55.0,0,0,Tanpa Intervensi,2026
56.0,0,2,Tanpa Intervensi,2026
57.0,1,2,Tanpa Intervensi,2026
58.0,1,2,Tanpa Intervensi,2026
59.0,0,2,Tanpa Intervensi,2026
60.0,1,2,Tanpa Intervensi,2026
61.0,0,2,Tanpa Intervensi,2026
62.0,0,2,Tanpa Intervensi,2026
63.0,0,2,Tanpa Intervensi,2026
64.0,0,2,Tanpa Intervensi,2026
65.0,0,1,Tanpa Intervensi,2026
66.0,0,2,Tanpa Intervensi,2026
67.0,0,2,Tanpa Intervensi,2026
68.0,0,2,Tanpa Intervensi,2026
69.0,0,2,Tanpa Intervensi,2026
70.0,0,2,Tanpa Intervensi,2026
71.0,0,2,Tanpa Intervensi,2026
72.0,0,2,Tanpa Intervensi,2026
73.0,0,2,Tanpa Intervensi,2026
74.0,0,1,Tanpa Intervensi,2026
75.0,0,1,Tanpa Intervensi,2026
76.0,0,1,Tanpa Intervensi,2026
77.0,0,1,Tanpa Intervensi,2026
78.0,0,0,Tanpa Intervensi,2026
79.0,0,0,Tanpa Intervensi,2026
80.0,0,0,Tanpa Intervensi,2026
81.0,0,0,Tanpa Intervensi,2026
82.0,0,1,Tanpa Intervensi,2026
83.0,0,2,Tanpa Intervensi,2026
84.0,0,2,Tanpa Intervensi,2026
85.0,0,2,Tanpa Intervensi,2026
86.0,0,1,Tanpa Intervensi,2026
87.0,0,0,Tanpa Intervensi,2026
88.0,0,0,Tanpa Intervensi,2026
89.0,0,0,Tanpa Intervensi,2026
90.0,0,0,Tanpa Intervensi,2026
91.0,0,0,Tanpa Intervensi,2026
92.0,0,1,Tanpa Intervensi,2026
93.0,0,2,Tanpa Intervensi,2026
94.0,0,2,Tanpa Intervensi,2026
95.0,0,1,Tanpa Intervensi,2026
96.0,0,0,Tanpa Intervensi,2026
97.0,0,0,Tanpa Intervensi,2026
98.0,0,0,Tanpa Intervensi,2026
99.0,0,0,Tanpa Intervensi,2026
100.0,0,0,Tanpa Intervensi,2026
101.0,0,0,Tanpa Intervensi,2026
102.0,0,0,Tanpa Intervensi,2026
103.0,0,0,Tanpa Intervensi,2026
104.0,0,0,Tanpa Intervensi,2026
105.0,0,1,Tanpa Intervensi,2026
106.0,0,1,Tanpa Intervensi,2026
107.0,0,1,Tanpa Intervensi,2026
108.0,0,0,Tanpa Intervensi,2026
109.0,0,0,Tanpa Intervensi,2026
110.0,0,0,Tanpa Intervensi,2026
111.0,0,0,Tanpa Intervensi,2026
112.0,0,0,Tanpa Intervensi,2026
113.0,0,0,Tanpa Intervensi,2026
114.0,0,0,Tanpa Intervensi,2026
115.0,0,1,Tanpa Intervensi,2026
116.0,0,1,Tanpa Intervensi,2026
117.0,0,2,Tanpa Intervensi,2026
118.0,0,2,Tanpa Intervensi,2026
119.0,0,1,Tanpa Intervensi,2026
120.0,0,1,Tanpa Intervensi,2026
121.0,0,1,Tanpa Intervensi,2026
122.0,0,0,Tanpa Intervensi,2026
123.0,0,0,Tanpa Intervensi,2026
124.0,0,0,Tanpa Intervensi,2026
125.0,0,0,Tanpa Intervensi,2026
126.0,0,0,Tanpa Intervensi,2026
127.0,0,0,Tanpa Intervensi,2026
128.0,0,2,Tanpa Intervensi,2026
129.0,1,2,Tanpa Intervensi,2026
130.0,1,2,Tanpa Intervensi,2026
131.0,2,2,Tanpa Intervensi,2026
132.0,3,2,Tanpa Intervensi,2026
133.0,3,2,Tanpa Intervensi,2026
134.0,4,2,Tanpa Intervensi,2026
135.0,3,2,Tanpa Intervensi,2026
136.0,4,2,Tanpa Intervensi,2026
137.0,4,2,Tanpa Intervensi,2026
138.0,3,2,Tanpa Intervensi,2026
139.0,3,2,Tanpa Intervensi,2026
140.0,3,2,Tanpa Intervensi,2026
141.0,2,2,Tanpa Intervensi,2026
142.0,3,2,Tanpa Intervensi,2026
143.0,2,2,Tanpa Intervensi,2026
144.0,2,2,Tanpa Intervensi,2026
145.0,2,2,Tanpa Intervensi,2026
146.0,0,2,Tanpa Intervensi,2026
147.0,0,2,Tanpa Intervensi,2026
148.0,0,2,Tanpa Intervensi,2026
149.0,0,0,Tanpa Intervensi,2026
150.0,0,0,Tanpa Intervensi,2026
151.0,0,0,Tanpa Intervensi,2026
152.0,0,0,Tanpa Intervensi,2026
153.0,0,0,Tanpa Intervensi,2026
154.0,0,0,Tanpa Intervensi,2026
155.0,0,0,Tanpa Intervensi,2026
156.0,0,0,Tanpa Intervensi,2026
157.0,0,0,Tanpa Intervensi,2026
158.0,0,0,Tanpa Intervensi,2026
159.0,0,1,Tanpa Intervensi,2026
160.0,0,1,Tanpa Intervensi,2026
161.0,0,1,Tanpa Intervensi,2026
162.0,0,1,Tanpa Intervensi,2026
163.0,0,0,Tanpa Intervensi,2026
164.0,0,1,Tanpa Intervensi,2026
165.0,0,1,Tanpa Intervensi,2026
166.0,0,1,Tanpa Intervensi,2026
167.0,0,1,Tanpa Intervensi,2026
168.0,0,1,Tanpa Intervensi,2026
169.0,0,1,Tanpa Intervensi,2026
170.0,0,0,Tanpa Intervensi,2026
171.0,0,0,Tanpa Intervensi,2026
172.0,0,0,Tanpa Intervensi,2026
173.0,0,0,Tanpa Intervensi,2026
174.0,0,0,Tanpa Intervensi,2026
175.0,0,0,Tanpa Intervensi,2026
176.0,0,0,Tanpa Intervensi,2026
177.0,0,0,Tanpa Intervensi,2026
178.0,0,0,Tanpa Intervensi,2026
179.0,0,0,Tanpa Intervensi,2026
180.0,0,0,Tanpa Intervensi,2026
181.0,0,1,Tanpa Intervensi,2026
182.0,0,1,Tanpa Intervensi,2026
183.0,0,2,Tanpa Intervensi,2026
184.0,0,1,Tanpa Intervensi,2026
185.0,0,1,Tanpa Intervensi,2026
186.0,0,1,Tanpa Intervensi,2026
187.0,0,1,Tanpa Intervensi,2026
188.0,0,1,Tanpa Intervensi,2026
189.0,0,1,Tanpa Intervensi,2026
190.0,0,1,Tanpa Intervensi,2026
191.0,0,1,Tanpa Intervensi,2026
192.0,0,1,Tanpa Intervensi,2026
193.0,0,0,Tanpa Intervensi,2026
194.0,0,0,Tanpa Intervensi,2026
195.0,0,0,Tanpa Intervensi,2026
196.0,0,1,Tanpa Intervensi,2026
197.0,0,1,Tanpa Intervensi,2026
198.0,0,1,Tanpa Intervensi,2026
199.0,0,1,Tanpa Intervensi,2026
200.0,0,1,Tanpa Intervensi,2026
201.0,0,0,Tanpa Intervensi,2026
202.0,0,0,Tanpa Intervensi,2026
203.0,0,0,Tanpa Intervensi,2026
204.0,0,1,Tanpa Intervensi,2026
205.0,0,1,Tanpa Intervensi,2026
206.0,0,1,Tanpa Intervensi,2026
207.0,0,1,Tanpa Intervensi,2026
208.0,0,0,Tanpa Intervensi,2026
209.0,0,0,Tanpa Intervensi,2026
210.0,0,1,Tanpa Intervensi,2026
211.0,0,2,Tanpa Intervensi,2026
212.0,1,2,Tanpa Intervensi,2026
213.0,3,2,Tanpa Intervensi,2026
214.0,2,2,Tanpa Intervensi,2026
215.0,3,2,Tanpa Intervensi,2026
216.0,3,2,Tanpa Intervensi,2026
217.0,3,2,Tanpa Intervensi,2026
218.0,2,2,Tanpa Intervensi,2026
219.0,2,2,Tanpa Intervensi,2026
220.0,2,2,Tanpa Intervensi,2026
221.0,2,2,Tanpa Intervensi,2026
222.0,2,2,Tanpa Intervensi,2026
223.0,1,2,Tanpa Intervensi,2026
224.0,1,2,Tanpa Intervensi,2026
225.0,2,2,Tanpa Intervensi,2026
226.0,1,2,Tanpa Intervensi,2026
227.0,1,2,Tanpa Intervensi,2026
228.0,1,2,Tanpa Intervensi,2026
229.0,1,2,Tanpa Intervensi,2026
230.0,1,2,Tanpa Intervensi,2026
231.0,1,2,Tanpa Intervensi,2026
232.0,0,2,Tanpa Intervensi,2026
233.0,0,2,Tanpa Intervensi,2026
234.0,0,1,Tanpa Intervensi,2026
235.0,0,1,Tanpa Intervensi,2026
236.0,0,1,Tanpa Intervensi,2026
237.0,0,1,Tanpa Intervensi,2026
238.0,0,2,Tanpa Intervensi,2026
239.0,0,2,Tanpa Intervensi,2026
240.0,0,1,Tanpa Intervensi,2026
241.0,0,0,Tanpa Intervensi,2026
242.0,0,2,Tanpa Intervensi,2026
243.0,0,2,Tanpa Intervensi,2026
244.0,2,2,Tanpa Intervensi,2026
245.0,3,2,Tanpa Intervensi,2026
246.0,3,2,Tanpa Intervensi,2026
247.0,4,2,Tanpa Intervensi,2026
248.0,5,2,Tanpa Intervensi,2026
249.0,5,2,Tanpa Intervensi,2026
250.0,4,2,Tanpa Intervensi,2026
251.0,4,2,Tanpa Intervensi,2026
252.0,4,2,Tanpa Intervensi,2026
253.0,2,2,Tanpa Intervensi,2026
254.0,4,2,Tanpa Intervensi,2026
255.0,4,2,Tanpa Intervensi,2026
256.0,3,2,Tanpa Intervensi,2026
257.0,2,2,Tanpa Intervensi,2026
258.0,2,2,Tanpa Intervensi,2026
259.0,1,2,Tanpa Intervensi,2026
260.0,1,2,Tanpa Intervensi,2026
261.0,0,2,Tanpa Intervensi,2026
262.0,0,1,Tanpa Intervensi,2026
263.0,0,1,Tanpa Intervensi,2026
264.0,0,1,Tanpa Intervensi,2026
265.0,0,1,Tanpa Intervensi,2026
266.0,0,1,Tanpa Intervensi,2026
267.0,0,1,Tanpa Intervensi,2026
268.0,0,1,Tanpa Intervensi,2026
269.0,0,0,Tanpa Intervensi,2026
270.0,0,0,Tanpa Intervensi,2026
271.0,0,1,Tanpa Intervensi,2026
272.0,0,1,Tanpa Intervensi,2026
273.0,0,1,Tanpa Intervensi,2026
274.0,0,2,Tanpa Intervensi,2026
275.0,0,2,Tanpa Intervensi,2026
276.0,0,2,Tanpa Intervensi,2026
277.0,1,2,Tanpa Intervensi,2026
278.0,2,2,Tanpa Intervensi,2026
279.0,1,2,Tanpa Intervensi,2026
280.0,1,2,Tanpa Intervensi,2026
281.0,1,2,Tanpa Intervensi,2026
282.0,1,2,Tanpa Intervensi,2026
283.0,0,2,Tanpa Intervensi,2026
284.0,0,2,Tanpa Intervensi,2026
285.0,0,2,Tanpa Intervensi,2026
286.0,0,2,Tanpa Intervensi,2026
287.0,0,1,Tanpa Intervensi,2026
288.0,0,0,Tanpa Intervensi,2026
289.0,0,0,Tanpa Intervensi,2026
290.0,0,0,Tanpa Intervensi,2026
291.0,0,0,Tanpa Intervensi,2026
292.0,0,1,Tanpa Intervensi,2026
293.0,0,1,Tanpa Intervensi,2026
294.0,0,1,Tanpa Intervensi,2026
295.0,0,0,Tanpa Intervensi,2026
296.0,0,0,Tanpa Intervensi,2026
297.0,0,0,Tanpa Intervensi,2026
298.0,0,0,Tanpa Intervensi,2026
299.0,0,1,Tanpa Intervensi,2026
300.0,0,1,Tanpa Intervensi,2026
301.0,0,1,Tanpa Intervensi,2026
302.0,0,0,Tanpa Intervensi,2026
303.0,0,1,Tanpa Intervensi,2026
304.0,0,1,Tanpa Intervensi,2026
305.0,0,1,Tanpa Intervensi,2026
306.0,0,1,Tanpa Intervensi,2026
307.0,0,2,Tanpa Intervensi,2026
308.0,0,1,Tanpa Intervensi,2026
309.0,0,1,Tanpa Intervensi,2026
310.0,0,1,Tanpa Intervensi,2026
311.0,0,1,Tanpa Intervensi,2026
312.0,0,1,Tanpa Intervensi,2026
313.0,0,1,Tanpa Intervensi,2026
314.0,0,1,Tanpa Intervensi,2026
315.0,0,1,Tanpa Intervensi,2026
316.0,0,0,Tanpa Intervensi,2026
317.0,0,0,Tanpa Intervensi,2026
318.0,0,0,Tanpa Intervensi,2026
319.0,0,1,Tanpa Intervensi,2026
320.0,0,1,Tanpa Intervensi,2026
321.0,0,2,Tanpa Intervensi,2026
322.0,1,2,Tanpa Intervensi,2026
323.0,1,2,Tanpa Intervensi,2026
324.0,0,2,Tanpa Intervensi,2026
325.0,1,2,Tanpa Intervensi,2026
326.0,0,2,Tanpa Intervensi,2026
327.0,0,1,Tanpa Intervensi,2026
328.0,0,0,Tanpa Intervensi,2026
329.0,0,0,Tanpa Intervensi,2026
330.0,0,0,Tanpa Intervensi,2026
331.0,0,0,Tanpa Intervensi,2026
332.0,0,0,Tanpa Intervensi,2026
333.0,0,1,Tanpa Intervensi,2026
334.0,0,1,Tanpa Intervensi,2026
335.0,0,1,Tanpa Intervensi,2026
336.0,0,1,Tanpa Intervensi,2026
337.0,0,0,Tanpa Intervensi,2026
338.0,0,1,Tanpa Intervensi,2026
339.0,0,2,Tanpa Intervensi,2026
340.0,2,2,Tanpa Intervensi,2026
341.0,3,2,Tanpa Intervensi,2026
342.0,3,2,Tanpa Intervensi,2026
343.0,1,2,Tanpa Intervensi,2026
344.0,1,2,Tanpa Intervensi,2026
345.0,1,2,Tanpa Intervensi,2026
346.0,3,2,Tanpa Intervensi,2026
347.0,1,2,Tanpa Intervensi,2026
348.0,2,2,Tanpa Intervensi,2026
349.0,2,2,Tanpa Intervensi,2026
350.0,3,2,Tanpa Intervensi,2026
351.0,1,2,Tanpa Intervensi,2026
352.0,1,2,Tanpa Intervensi,2026
353.0,1,2,Tanpa Intervensi,2026
354.0,1,2,Tanpa Intervensi,2026
355.0,1,2,Tanpa Intervensi,2026
356.0,1,2,Tanpa Intervensi,2026
357.0,1,2,Tanpa Intervensi,2026
358.0,0,2,Tanpa Intervensi,2026
359.0,0,1,Tanpa Intervensi,2026
360.0,0,2,Tanpa Intervensi,2026
361.0,0,2,Tanpa Intervensi,2026
362.0,1,2,Tanpa Intervensi,2026
363.0,2,2,Tanpa Intervensi,2026
364.0,1,2,Tanpa Intervensi,2026
365.0,1,2,Tanpa Intervensi,2026
366.0,0,2,Tanpa Intervensi,2026
367.0,0,1,Tanpa Intervensi,2026
368.0,0,1,Tanpa Intervensi,2026
369.0,0,0,Tanpa Intervensi,2026
370.0,0,0,Tanpa Intervensi,2026
371.0,0,0,Tanpa Intervensi,2026
372.0,0,0,Tanpa Intervensi,2026
373.0,0,0,Tanpa Intervensi,2026
374.0,0,0,Tanpa Intervensi,2026
375.0,0,1,Tanpa Intervensi,2026
376.0,0,1,Tanpa Intervensi,2026
377.0,0,2,Tanpa Intervensi,2026
378.0,0,2,Tanpa Intervensi,2026
379.0,0,2,Tanpa Intervensi,2026
380.0,0,2,Tanpa Intervensi,2026
381.0,0,1,Tanpa Intervensi,2026
382.0,0,0,Tanpa Intervensi,2026
383.0,0,0,Tanpa Intervensi,2026
384.0,0,1,Tanpa Intervensi,2026
385.0,0,1,Tanpa Intervensi,2026
386.0,0,1,Tanpa Intervensi,2026
387.0,0,1,Tanpa Intervensi,2026
388.0,1,2,Tanpa Intervensi,2026
389.0,2,2,Tanpa Intervensi,2026
390.0,2,2,Tanpa Intervensi,2026
391.0,2,2,Tanpa Intervensi,2026
392.0,2,2,Tanpa Intervensi,2026
393.0,4,2,Tanpa Intervensi,2026
394.0,2,2,Tanpa Intervensi,2026
395.0,2,2,Tanpa Intervensi,2026
396.0,2,2,Tanpa Intervensi,2026
397.0,2,2,Tanpa Intervensi,2026
398.0,2,2,Tanpa Intervensi,2026
399.0,2,2,Tanpa Intervensi,2026
400.0,1,2,Tanpa Intervensi,2026
401.0,0,2,Tanpa Intervensi,2026
402.0,1,2,Tanpa Intervensi,2026
403.0,1,2,Tanpa Intervensi,2026
404.0,2,2,Tanpa Intervensi,2026
405.0,2,2,Tanpa Intervensi,2026
406.0,1,2,Tanpa Intervensi,2026
407.0,1,2,Tanpa Intervensi,2026
408.0,0,2,Tanpa Intervensi,2026
409.0,1,2,Tanpa Intervensi,2026
410.0,1,2,Tanpa Intervensi,2026
411.0,3,2,Tanpa Intervensi,2026
412.0,2,2,Tanpa Intervensi,2026
413.0,2,2,Tanpa Intervensi,2026
414.0,2,2,Tanpa Intervensi,2026
415.0,1,2,Tanpa Intervensi,2026
416.0,0,2,Tanpa Intervensi,2026
417.0,0,2,Tanpa Intervensi,2026
418.0,0,1,Tanpa Intervensi,2026
419.0,0,2,Tanpa Intervensi,2026
420.0,1,2,Tanpa Intervensi,2026
421.0,2,2,Tanpa Intervensi,2026
422.0,1,2,Tanpa Intervensi,2026
423.0,2,2,Tanpa Intervensi,2026
424.0,2,2,Tanpa Intervensi,2026
425.0,3,2,Tanpa Intervensi,2026
426.0,1,2,Tanpa Intervensi,2026
427.0,1,2,Tanpa Intervensi,2026
428.0,2,2,Tanpa Intervensi,2026
429.0,1,2,Tanpa Intervensi,2026
430.0,1,2,Tanpa Intervensi,2026
431.0,0,2,Tanpa Intervensi,2026
432.0,0,2,Tanpa Intervensi,2026
433.0,0,1,Tanpa Intervensi,2026
434.0,0,2,Tanpa Intervensi,2026
435.0,0,1,Tanpa Intervensi,2026
436.0,0,1,Tanpa Intervensi,2026
437.0,0,1,Tanpa Intervensi,2026
438.0,0,1,Tanpa Intervensi,2026
439.0,0,1,Tanpa Intervensi,2026
440.0,0,2,Tanpa Intervensi,2026
441.0,0,2,Tanpa Intervensi,2026
442.0,0,1,Tanpa Intervensi,2026
443.0,0,1,Tanpa Intervensi,2026
444.0,0,1,Tanpa Intervensi,2026
445.0,0,0,Tanpa Intervensi,2026
446.0,0,0,Tanpa Intervensi,2026
447.0,0,0,Tanpa Intervensi,2026
448.0,0,0,Tanpa Intervensi,2026
449.0,0,2,Tanpa Intervensi,2026
450.0,0,2,Tanpa Intervensi,2026
451.0,1,2,Tanpa Intervensi,2026
452.0,0,2,Tanpa Intervensi,2026
453.0,0,1,Tanpa Intervensi,2026
454.0,0,1,Tanpa Intervensi,2026
455.0,0,1,Tanpa Intervensi,2026
456.0,1,2,Tanpa Intervensi,2026
457.0,0,2,Tanpa Intervensi,2026
458.0,1,2,Tanpa Intervensi,2026
459.0,1,2,Tanpa Intervensi,2026
460.0,0,1,Tanpa Intervensi,2026
461.0,0,1,Tanpa Intervensi,2026
462.0,1,2,Tanpa Intervensi,2026
463.0,0,2,Tanpa Intervensi,2026
464.0,0,2,Tanpa Intervensi,2026
465.0,0,1,Tanpa Intervensi,2026
466.0,0,1,Tanpa Intervensi,2026
467.0,0,0,Tanpa Intervensi,2026
468.0,0,0,Tanpa Intervensi,2026
469.0,0,1,Tanpa Intervensi,2026
470.0,0,1,Tanpa Intervensi,2026
471.0,0,1,Tanpa Intervensi,2026
472.0,0,1,Tanpa Intervensi,2026
473.0,1,2,Tanpa Intervensi,2026
474.0,1,2,Tanpa Intervensi,2026
475.0,1,2,Tanpa Intervensi,2026
476.0,1,2,Tanpa Intervensi,2026
477.0,0,1,Tanpa Intervensi,2026
478.0,0,1,Tanpa Intervensi,2026
479.0,0,1,Tanpa Intervensi,2026
480.0,0,0,Tanpa Intervensi,2026
0.0,0,0,Intervensi Reaktif,2126
1.0,0,1,Intervensi Reaktif,2126
2.0,0,2,Intervensi Reaktif,2126
3.0,0,2,Intervensi Reaktif,2126
4.0,0,2,Intervensi Reaktif,2126
5.0,0,1,Intervensi Reaktif,2126
6.0,0,1,Intervensi Reaktif,2126
7.0,0,1,Intervensi Reaktif,2126
8.0,0,1,Intervensi Reaktif,2126
9.0,0,1,Intervensi Reaktif,2126
10.0,0,1,Intervensi Reaktif,2126
11.0,0,2,Intervensi Reaktif,2126
12.0,0,1,Intervensi Reaktif,2126
13.0,2,2,Intervensi Reaktif,2126
14.0,2,2,Intervensi Reaktif,2126
15.0,1,2,Intervensi Reaktif,2126
16.0,1,2,Intervensi Reaktif,2126
17.0,0,2,Intervensi Reaktif,2126
18.0,0,1,Intervensi Reaktif,2126
19.0,0,1,Intervensi Reaktif,2126
20.0,0,0,Intervensi Reaktif,2126
21.0,0,0,Intervensi Reaktif,2126
22.0,0,1,Intervensi Reaktif,2126
23.0,0,1,Intervensi Reaktif,2126
24.0,0,1,Intervensi Reaktif,2126
25.0,0,2,Intervensi Reaktif,2126
26.0,0,1,Intervensi Reaktif,2126
27.0,0,1,Intervensi Reaktif,2126
28.0,0,0,Intervensi Reaktif,2126
29.0,0,1,Intervensi Reaktif,2126
30.0,0,1,Intervensi Reaktif,2126
31.0,0,1,Intervensi Reaktif,2126
32.0,0,1,Intervensi Reaktif,2126
33.0,0,0,Intervensi Reaktif,2126
34.0,0,2,Intervensi Reaktif,2126
35.0,0,2,Intervensi Reaktif,2126
36.0,0,2,Intervensi Reaktif,2126
37.0,0,2,Intervensi Reaktif,2126
38.0,0,0,Intervensi Reaktif,2126
39.0,0,0,Intervensi Reaktif,2126
40.0,0,0,Intervensi Reaktif,2126
41.0,0,0,Intervensi Reaktif,2126
42.0,0,0,Intervensi Reaktif,2126
43.0,0,1,Intervensi Reaktif,2126
44.0,0,1,Intervensi Reaktif,2126
45.0,0,2,Intervensi Reaktif,2126
46.0,0,2,Intervensi Reaktif,2126
47.0,0,2,Intervensi Reaktif,2126
48.0,0,1,Intervensi Reaktif,2126
49.0,0,0,Intervensi Reaktif,2126
50.0,0,0,Intervensi Reaktif,2126
51.0,0,0,Intervensi Reaktif,2126
52.0,0,1,Intervensi Reaktif,2126
53.0,0,1,Intervensi Reaktif,2126
54.0,0,1,Intervensi Reaktif,2126
55.0,0,1,Intervensi Reaktif,2126
56.0,0,1,Intervensi Reaktif,2126
57.0,0,1,Intervensi Reaktif,2126
58.0,0,1,Intervensi Reaktif,2126
59.0,0,0,Intervensi Reaktif,2126
60.0,0,0,Intervensi Reaktif,2126
61.0,0,0,Intervensi Reaktif,2126
62.0,0,1,Intervensi Reaktif,2126
63.0,0,2,Intervensi Reaktif,2126
64.0,1,2,Intervensi Reaktif,2126
65.0,1,2,Intervensi Reaktif,2126
66.0,1,2,Intervensi Reaktif,2126
67.0,1,2,Intervensi Reaktif,2126
68.0,1,2,Intervensi Reaktif,2126
69.0,0,1,Intervensi Reaktif,2126
70.0,0,1,Intervensi Reaktif,2126
71.0,0,1,Intervensi Reaktif,2126
72.0,0,1,Intervensi Reaktif,2126
73.0,0,0,Intervensi Reaktif,2126
74.0,0,0,Intervensi Reaktif,2126
75.0,0,1,Intervensi Reaktif,2126
76.0,0,1,Intervensi Reaktif,2126
77.0,0,2,Intervensi Reaktif,2126
78.0,0,1,Intervensi Reaktif,2126
79.0,0,2,Intervensi Reaktif,2126
80.0,0,2,Intervensi Reaktif,2126
81.0,1,2,Intervensi Reaktif,2126
82.0,0,1,Intervensi Reaktif,2126
83.0,0,1,Intervensi Reaktif,2126
84.0,0,1,Intervensi Reaktif,2126
85.0,0,1,Intervensi Reaktif,2126
86.0,0,1,Intervensi Reaktif,2126
87.0,0,1,Intervensi Reaktif,2126
88.0,0,1,Intervensi Reaktif,2126
89.0,0,1,Intervensi Reaktif,2126
90.0,0,1,Intervensi Reaktif,2126
91.0,0,1,Intervensi Reaktif,2126
92.0,0,1,Intervensi Reaktif,2126
93.0,0,1,Intervensi Reaktif,2126
94.0,0,0,Intervensi Reaktif,2126
95.0,0,0,Intervensi Reaktif,2126
96.0,0,0,Intervensi Reaktif,2126
97.0,0,0,Intervensi Reaktif,2126
98.0,0,2,Intervensi Reaktif,2126
99.0,0,2,Intervensi Reaktif,2126
100.0,0,2,Intervensi Reaktif,2126
101.0,0,1,Intervensi Reaktif,2126
102.0,0,0,Intervensi Reaktif,2126
103.0,0,0,Intervensi Reaktif,2126
104.0,0,1,Intervensi Reaktif,2126
105.0,0,2,Intervensi Reaktif,2126
106.0,1,2,Intervensi Reaktif,2126
107.0,1,2,Intervensi Reaktif,2126
108.0,0,2,Intervensi Reaktif,2126
109.0,0,2,Intervensi Reaktif,2126
110.0,0,1,Intervensi Reaktif,2126
111.0,0,1,Intervensi Reaktif,2126
112.0,0,1,Intervensi Reaktif,2126
113.0,0,1,Intervensi Reaktif,2126
114.0,0,1,Intervensi Reaktif,2126
115.0,0,1,Intervensi Reaktif,2126
116.0,0,0,Intervensi Reaktif,2126
117.0,0,0,Intervensi Reaktif,2126
118.0,0,0,Intervensi Reaktif,2126
119.0,0,0,Intervensi Reaktif,2126
120.0,0,0,Intervensi Reaktif,2126
121.0,0,0,Intervensi Reaktif,2126
122.0,0,0,Intervensi Reaktif,2126
123.0,0,1,Intervensi Reaktif,2126
124.0,0,1,Intervensi Reaktif,2126
125.0,0,1,Intervensi Reaktif,2126
126.0,0,1,Intervensi Reaktif,2126
127.0,0,1,Intervensi Reaktif,2126
128.0,0,2,Intervensi Reaktif,2126
129.0,0,2,Intervensi Reaktif,2126
130.0,0,2,Intervensi Reaktif,2126
131.0,0,2,Intervensi Reaktif,2126
132.0,0,1,Intervensi Reaktif,2126
133.0,0,0,Intervensi Reaktif,2126
134.0,0,1,Intervensi Reaktif,2126
135.0,0,1,Intervensi Reaktif,2126
136.0,1,2,Intervensi Reaktif,2126
137.0,1,2,Intervensi Reaktif,2126
138.0,2,2,Intervensi Reaktif,2126
139.0,2,2,Intervensi Reaktif,2126
140.0,1,2,Intervensi Reaktif,2126
141.0,1,2,Intervensi Reaktif,2126
142.0,0,2,Intervensi Reaktif,2126
143.0,0,2,Intervensi Reaktif,2126
144.0,0,2,Intervensi Reaktif,2126
145.0,0,2,Intervensi Reaktif,2126
146.0,0,2,Intervensi Reaktif,2126
147.0,0,2,Intervensi Reaktif,2126
148.0,0,2,Intervensi Reaktif,2126
149.0,0,1,Intervensi Reaktif,2126
150.0,0,1,Intervensi Reaktif,2126
151.0,0,0,Intervensi Reaktif,2126
152.0,0,0,Intervensi Reaktif,2126
153.0,0,1,Intervensi Reaktif,2126
154.0,0,1,Intervensi Reaktif,2126
155.0,0,1,Intervensi Reaktif,2126
156.0,0,2,Intervensi Reaktif,2126
157.0,0,1,Intervensi Reaktif,2126
158.0,0,1,Intervensi Reaktif,2126
159.0,0,1,Intervensi Reaktif,2126
160.0,1,2,Intervensi Reaktif,2126
161.0,2,2,Intervensi Reaktif,2126
162.0,1,2,Intervensi Reaktif,2126
163.0,0,2,Intervensi Reaktif,2126
164.0,0,2,Intervensi Reaktif,2126
165.0,0,1,Intervensi Reaktif,2126
166.0,0,0,Intervensi Reaktif,2126
167.0,0,0,Intervensi Reaktif,2126
168.0,0,0,Intervensi Reaktif,2126
169.0,0,0,Intervensi Reaktif,2126
170.0,0,0,Intervensi Reaktif,2126
171.0,0,1,Intervensi Reaktif,2126
172.0,0,1,Intervensi Reaktif,2126
173.0,0,1,Intervensi Reaktif,2126
174.0,0,1,Intervensi Reaktif,2126
175.0,0,0,Intervensi Reaktif,2126
176.0,0,0,Intervensi Reaktif,2126
177.0,0,0,Intervensi Reaktif,2126
178.0,0,2,Intervensi Reaktif,2126
179.0,0,2,Intervensi Reaktif,2126
180.0,0,2,Intervensi Reaktif,2126
181.0,1,2,Intervensi Reaktif,2126
182.0,1,2,Intervensi Reaktif,2126
183.0,0,1,Intervensi Reaktif,2126
184.0,0,1,Intervensi Reaktif,2126
185.0,0,1,Intervensi Reaktif,2126
186.0,0,1,Intervensi Reaktif,2126
187.0,0,0,Intervensi Reaktif,2126
188.0,0,0,Intervensi Reaktif,2126
189.0,0,0,Intervensi Reaktif,2126
190.0,0,0,Intervensi Reaktif,2126
191.0,0,0,Intervensi Reaktif,2126
192.0,0,1,Intervensi Reaktif,2126
193.0,0,1,Intervensi Reaktif,2126
194.0,0,2,Intervensi Reaktif,2126
195.0,0,2,Intervensi Reaktif,2126
196.0,1,2,Intervensi Reaktif,2126
197.0,1,2,Intervensi Reaktif,2126
198.0,0,2,Intervensi Reaktif,2126
199.0,1,2,Intervensi Reaktif,2126
200.0,2,2,Intervensi Reaktif,2126
201.0,2,2,Intervensi Reaktif,2126
202.0,1,2,Intervensi Reaktif,2126
203.0,1,2,Intervensi Reaktif,2126
204.0,1,2,Intervensi Reaktif,2126
205.0,1,2,Intervensi Reaktif,2126
206.0,0,2,Intervensi Reaktif,2126
207.0,1,2,Intervensi Reaktif,2126
208.0,1,2,Intervensi Reaktif,2126
209.0,0,2,Intervensi Reaktif,2126
210.0,0,1,Intervensi Reaktif,2126
211.0,0,1,Intervensi Reaktif,2126
212.0,0,0,Intervensi Reaktif,2126
213.0,0,1,Intervensi Reaktif,2126
214.0,0,1,Intervensi Reaktif,2126
215.0,0,1,Intervensi Reaktif,2126
216.0,0,0,Intervensi Reaktif,2126
217.0,0,0,Intervensi Reaktif,2126
218.0,0,0,Intervensi Reaktif,2126
219.0,0,0,Intervensi Reaktif,2126
220.0,0,1,Intervensi Reaktif,2126
221.0,0,1,Intervensi Reaktif,2126
222.0,0,2,Intervensi Reaktif,2126
223.0,0,2,Intervensi Reaktif,2126
224.0,0,1,Intervensi Reaktif,2126
225.0,0,1,Intervensi Reaktif,2126
226.0,0,1,Intervensi Reaktif,2126
227.0,0,2,Intervensi Reaktif,2126
228.0,1,2,Intervensi Reaktif,2126
229.0,1,2,Intervensi Reaktif,2126
230.0,1,2,Intervensi Reaktif,2126
231.0,0,1,Intervensi Reaktif,2126
232.0,0,1,Intervensi Reaktif,2126
233.0,0,1,Intervensi Reaktif,2126
234.0,0,2,Intervensi Reaktif,2126
235.0,0,2,Intervensi Reaktif,2126
236.0,1,2,Intervensi Reaktif,2126
237.0,1,2,Intervensi Reaktif,2126
238.0,0,2,Intervensi Reaktif,2126
239.0,0,1,Intervensi Reaktif,2126
240.0,0,1,Intervensi Reaktif,2126
241.0,0,1,Intervensi Reaktif,2126
242.0,0,0,Intervensi Reaktif,2126
243.0,0,0,Intervensi Reaktif,2126
244.0,0,0,Intervensi Reaktif,2126
245.0,0,1,Intervensi Reaktif,2126
246.0,0,2,Intervensi Reaktif,2126
247.0,0,2,Intervensi Reaktif,2126
248.0,0,2,Intervensi Reaktif,2126
249.0,0,1,Intervensi Reaktif,2126
250.0,0,1,Intervensi Reaktif,2126
251.0,0,1,Intervensi Reaktif,2126
252.0,0,0,Intervensi Reaktif,2126
253.0,0,0,Intervensi Reaktif,2126
254.0,0,0,Intervensi Reaktif,2126
255.0,0,0,Intervensi Reaktif,2126
256.0,0,0,Intervensi Reaktif,2126
257.0,0,0,Intervensi Reaktif,2126
258.0,0,0,Intervensi Reaktif,2126
259.0,0,1,Intervensi Reaktif,2126
260.0,0,1,Intervensi Reaktif,2126
261.0,0,1,Intervensi Reaktif,2126
262.0,0,0,Intervensi Reaktif,2126
263.0,0,0,Intervensi Reaktif,2126
264.0,0,1,Intervensi Reaktif,2126
265.0,0,1,Intervensi Reaktif,2126
266.0,0,1,Intervensi Reaktif,2126
267.0,0,1,Intervensi Reaktif,2126
268.0,0,1,Intervensi Reaktif,2126
269.0,0,1,Intervensi Reaktif,2126
270.0,0,1,Intervensi Reaktif,2126
271.0,0,1,Intervensi Reaktif,2126
272.0,0,1,Intervensi Reaktif,2126
273.0,0,1,Intervensi Reaktif,2126
274.0,0,2,Intervensi Reaktif,2126
275.0,0,1,Intervensi Reaktif,2126
276.0,0,1,Intervensi Reaktif,2126
277.0,0,1,Intervensi Reaktif,2126
278.0,0,0,Intervensi Reaktif,2126
279.0,0,0,Intervensi Reaktif,2126
280.0,0,0,Intervensi Reaktif,2126
281.0,0,0,Intervensi Reaktif,2126
282.0,0,1,Intervensi Reaktif,2126
283.0,1,2,Intervensi Reaktif,2126
284.0,1,2,Intervensi Reaktif,2126
285.0,2,2,Intervensi Reaktif,2126
286.0,1,2,Intervensi Reaktif,2126
287.0,0,2,Intervensi Reaktif,2126
288.0,0,2,Intervensi Reaktif,2126
289.0,1,2,Intervensi Reaktif,2126
290.0,0,2,Intervensi Reaktif,2126
291.0,0,2,Intervensi Reaktif,2126
292.0,1,2,Intervensi Reaktif,2126
293.0,0,2,Intervensi Reaktif,2126
294.0,0,1,Intervensi Reaktif,2126
295.0,0,1,Intervensi Reaktif,2126
296.0,0,1,Intervensi Reaktif,2126
297.0,0,2,Intervensi Reaktif,2126
298.0,0,2,Intervensi Reaktif,2126
299.0,2,2,Intervensi Reaktif,2126
300.0,1,2,Intervensi Reaktif,2126
301.0,1,2,Intervensi Reaktif,2126
302.0,2,2,Intervensi Reaktif,2126
303.0,1,2,Intervensi Reaktif,2126
304.0,0,2,Intervensi Reaktif,2126
305.0,0,2,Intervensi Reaktif,2126
306.0,0,2,Intervensi Reaktif,2126
307.0,0,1,Intervensi Reaktif,2126
308.0,0,0,Intervensi Reaktif,2126
309.0,0,2,Intervensi Reaktif,2126
310.0,0,2,Intervensi Reaktif,2126
311.0,0,2,Intervensi Reaktif,2126
312.0,0,2,Intervensi Reaktif,2126
313.0,0,1,Intervensi Reaktif,2126
314.0,0,1,Intervensi Reaktif,2126
315.0,0,1,Intervensi Reaktif,2126
316.0,0,0,Intervensi Reaktif,2126
317.0,0,1,Intervensi Reaktif,2126
318.0,0,1,Intervensi Reaktif,2126
319.0,0,1,Intervensi Reaktif,2126
320.0,0,1,Intervensi Reaktif,2126
321.0,1,2,Intervensi Reaktif,2126
322.0,0,2,Intervensi Reaktif,2126
323.0,0,2,Intervensi Reaktif,2126
324.0,0,2,Intervensi Reaktif,2126
325.0,0,2,Intervensi Reaktif,2126
326.0,0,1,Intervensi Reaktif,2126
327.0,0,0,Intervensi Reaktif,2126
328.0,0,1,Intervensi Reaktif,2126
329.0,0,1,Intervensi Reaktif,2126
330.0,0,2,Intervensi Reaktif,2126
331.0,0,1,Intervensi Reaktif,2126
332.0,0,1,Intervensi Reaktif,2126
333.0,0,1,Intervensi Reaktif,2126
334.0,0,1,Intervensi Reaktif,2126
335.0,0,2,Intervensi Reaktif,2126
336.0,0,2,Intervensi Reaktif,2126
337.0,1,2,Intervensi Reaktif,2126
338.0,0,2,Intervensi Reaktif,2126
339.0,0,2,Intervensi Reaktif,2126
340.0,0,1,Intervensi Reaktif,2126
341.0,0,0,Intervensi Reaktif,2126
342.0,0,0,Intervensi Reaktif,2126
343.0,0,0,Intervensi Reaktif,2126
344.0,0,0,Intervensi Reaktif,2126
345.0,0,1,Intervensi Reaktif,2126
346.0,0,1,Intervensi Reaktif,2126
347.0,0,1,Intervensi Reaktif,2126
348.0,0,1,Intervensi Reaktif,2126
349.0,0,0,Intervensi Reaktif,2126
350.0,0,1,Intervensi Reaktif,2126
351.0,0,1,Intervensi Reaktif,2126
352.0,0,1,Intervensi Reaktif,2126
353.0,0,1,Intervensi Reaktif,2126
354.0,0,1,Intervensi Reaktif,2126
355.0,0,0,Intervensi Reaktif,2126
356.0,0,0,Intervensi Reaktif,2126
357.0,0,0,Intervensi Reaktif,2126
358.0,0,0,Intervensi Reaktif,2126
359.0,0,0,Intervensi Reaktif,2126
360.0,0,1,Intervensi Reaktif,2126
361.0,0,1,Intervensi Reaktif,2126
362.0,0,1,Intervensi Reaktif,2126
363.0,0,1,Intervensi Reaktif,2126
364.0,0,0,Intervensi Reaktif,2126
365.0,0,0,Intervensi Reaktif,2126
366.0,0,0,Intervensi Reaktif,2126
367.0,0,0,Intervensi Reaktif,2126
368.0,0,0,Intervensi Reaktif,2126
369.0,0,0,Intervensi Reaktif,2126
370.0,0,0,Intervensi Reaktif,2126
371.0,0,0,Intervensi Reaktif,2126
372.0,0,0,Intervensi Reaktif,2126
373.0,0,0,Intervensi Reaktif,2126
374.0,0,0,Intervensi Reaktif,2126
375.0,0,0,Intervensi Reaktif,2126
376.0,0,0,Intervensi Reaktif,2126
377.0,0,0,Intervensi Reaktif,2126
378.0,0,1,Intervensi Reaktif,2126
379.0,0,1,Intervensi Reaktif,2126
380.0,0,0,Intervensi Reaktif,2126
381.0,0,1,Intervensi Reaktif,2126
382.0,0,1,Intervensi Reaktif,2126
383.0,0,1,Intervensi Reaktif,2126
384.0,0,2,Intervensi Reaktif,2126
385.0,0,1,Intervensi Reaktif,2126
386.0,0,1,Intervensi Reaktif,2126
387.0,0,2,Intervensi Reaktif,2126
388.0,1,2,Intervensi Reaktif,2126
389.0,0,2,Intervensi Reaktif,2126
390.0,0,2,Intervensi Reaktif,2126
391.0,1,2,Intervensi Reaktif,2126
392.0,1,2,Intervensi Reaktif,2126
393.0,1,2,Intervensi Reaktif,2126
394.0,2,2,Intervensi Reaktif,2126
395.0,1,2,Intervensi Reaktif,2126
396.0,1,2,Intervensi Reaktif,2126
397.0,1,2,Intervensi Reaktif,2126
398.0,0,2,Intervensi Reaktif,2126
399.0,0,2,Intervensi Reaktif,2126
400.0,0,1,Intervensi Reaktif,2126
401.0,0,2,Intervensi Reaktif,2126
402.0,0,2,Intervensi Reaktif,2126
403.0,0,2,Intervensi Reaktif,2126
404.0,0,1,Intervensi Reaktif,2126
405.0,0,1,Intervensi Reaktif,2126
406.0,0,1,Intervensi Reaktif,2126
407.0,0,2,Intervensi Reaktif,2126
408.0,1,2,Intervensi Reaktif,2126
409.0,3,2,Intervensi Reaktif,2126
410.0,4,2,Intervensi Reaktif,2126
411.0,5,2,Intervensi Reaktif,2126
412.0,5,2,Intervensi Reaktif,2126
413.0,5,2,Intervensi Reaktif,2126
414.0,6,2,Intervensi Reaktif,2126
415.0,6,2,Intervensi Reaktif,2126
416.0,5,2,Intervensi Reaktif,2126
417.0,6,2,Intervensi Reaktif,2126
418.0,5,2,Intervensi Reaktif,2126
419.0,4,2,Intervensi Reaktif,2126
420.0,4,2,Intervensi Reaktif,2126
421.0,7,2,Intervensi Reaktif,2126
422.0,6,2,Intervensi Reaktif,2126
423.0,7,2,Intervensi Reaktif,2126
424.0,8,2,Intervensi Reaktif,2126
425.0,8,2,Intervensi Reaktif,2126
426.0,7,2,Intervensi Reaktif,2126
427.0,7,2,Intervensi Reaktif,2126
428.0,6,2,Intervensi Reaktif,2126
429.0,6,2,Intervensi Reaktif,2126
430.0,8,2,Intervensi Reaktif,2126
431.0,7,2,Intervensi Reaktif,2126
432.0,9,2,Intervensi Reaktif,2126
433.0,10,2,Intervensi Reaktif,2126
434.0,8,2,Intervensi Reaktif,2126
435.0,8,2,Intervensi Reaktif,2126
436.0,7,2,Intervensi Reaktif,2126
437.0,6,2,Intervensi Reaktif,2126
438.0,6,2,Intervensi Reaktif,2126
439.0,6,2,Intervensi Reaktif,2126
440.0,5,2,Intervensi Reaktif,2126
441.0,4,2,Intervensi Reaktif,2126
442.0,4,2,Intervensi Reaktif,2126
443.0,6,2,Intervensi Reaktif,2126
444.0,6,2,Intervensi Reaktif,2126
445.0,5,2,Intervensi Reaktif,2126
446.0,7,2,Intervensi Reaktif,2126
447.0,6,2,Intervensi Reaktif,2126
448.0,6,2,Intervensi Reaktif,2126
449.0,5,2,Intervensi Reaktif,2126
450.0,6,2,Intervensi Reaktif,2126
451.0,7,2,Intervensi Reaktif,2126
452.0,8,2,Intervensi Reaktif,2126
453.0,8,2,Intervensi Reaktif,2126
454.0,7,2,Intervensi Reaktif,2126
455.0,8,2,Intervensi Reaktif,2126
456.0,7,2,Intervensi Reaktif,2126
457.0,6,2,Intervensi Reaktif,2126
458.0,5,2,Intervensi Reaktif,2126
459.0,6,2,Intervensi Reaktif,2126
460.0,5,2,Intervensi Reaktif,2126
461.0,5,2,Intervensi Reaktif,2126
462.0,4,2,Intervensi Reaktif,2126
463.0,3,2,Intervensi Reaktif,2126
464.0,5,2,Intervensi Reaktif,2126
465.0,6,2,Intervensi Reaktif,2126
466.0,5,2,Intervensi Reaktif,2126
467.0,6,2,Intervensi Reaktif,2126
468.0,5,2,Intervensi Reaktif,2126
469.0,5,2,Intervensi Reaktif,2126
470.0,4,2,Intervensi Reaktif,2126
471.0,3,2,Intervensi Reaktif,2126
472.0,3,2,Intervensi Reaktif,2126
473.0,2,2,Intervensi Reaktif,2126
474.0,1,2,Intervensi Reaktif,2126
475.0,1,2,Intervensi Reaktif,2126
476.0,0,2,Intervensi Reaktif,2126
477.0,0,2,Intervensi Reaktif,2126
478.0,0,2,Intervensi Reaktif,2126
479.0,0,1,Intervensi Reaktif,2126
480.0,0,1,Intervensi Reaktif,2126
0.0,0,0,Intervensi Preventif,2226
1.0,0,1,Intervensi Preventif,2226
2.0,0,1,Intervensi Preventif,2226
3.0,0,0,Intervensi Preventif,2226
4.0,0,0,Intervensi Preventif,2226
5.0,0,0,Intervensi Preventif,2226
6.0,0,0,Intervensi Preventif,2226
7.0,0,1,Intervensi Preventif,2226
8.0,0,1,Intervensi Preventif,2226
9.0,0,1,Intervensi Preventif,2226
10.0,0,0,Intervensi Preventif,2226
11.0,0,1,Intervensi Preventif,2226
12.0,0,1,Intervensi Preventif,2226
13.0,0,2,Intervensi Preventif,2226
14.0,0,2,Intervensi Preventif,2226
15.0,0,2,Intervensi Preventif,2226
16.0,0,2,Intervensi Preventif,2226
17.0,0,2,Intervensi Preventif,2226
18.0,0,2,Intervensi Preventif,2226
19.0,0,2,Intervensi Preventif,2226
20.0,0,1,Intervensi Preventif,2226
21.0,0,1,Intervensi Preventif,2226
22.0,0,2,Intervensi Preventif,2226
23.0,0,2,Intervensi Preventif,2226
24.0,0,1,Intervensi Preventif,2226
25.0,0,0,Intervensi Preventif,2226
26.0,0,1,Intervensi Preventif,2226
27.0,0,2,Intervensi Preventif,2226
28.0,0,1,Intervensi Preventif,2226
29.0,0,2,Intervensi Preventif,2226
30.0,0,2,Intervensi Preventif,2226
31.0,0,1,Intervensi Preventif,2226
32.0,0,1,Intervensi Preventif,2226
33.0,0,0,Intervensi Preventif,2226
34.0,0,0,Intervensi Preventif,2226
35.0,0,0,Intervensi Preventif,2226
36.0,0,1,Intervensi Preventif,2226
37.0,0,1,Intervensi Preventif,2226
38.0,0,1,Intervensi Preventif,2226
39.0,0,2,Intervensi Preventif,2226
40.0,0,2,Intervensi Preventif,2226
41.0,0,2,Intervensi Preventif,2226
42.0,0,1,Intervensi Preventif,2226
43.0,0,0,Intervensi Preventif,2226
44.0,0,0,Intervensi Preventif,2226
45.0,0,1,Intervensi Preventif,2226
46.0,0,3,Intervensi Preventif,2226
47.0,1,3,Intervensi Preventif,2226
48.0,1,3,Intervensi Preventif,2226
49.0,1,3,Intervensi Preventif,2226
50.0,1,3,Intervensi Preventif,2226
51.0,2,3,Intervensi Preventif,2226
52.0,1,3,Intervensi Preventif,2226
53.0,2,3,Intervensi Preventif,2226
54.0,3,3,Intervensi Preventif,2226
55.0,1,3,Intervensi Preventif,2226
56.0,1,3,Intervensi Preventif,2226
57.0,1,3,Intervensi Preventif,2226
58.0,0,3,Intervensi Preventif,2226
59.0,0,1,Intervensi Preventif,2226
60.0,0,1,Intervensi Preventif,2226
61.0,0,0,Intervensi Preventif,2226
62.0,0,0,Intervensi Preventif,2226
63.0,0,0,Intervensi Preventif,2226
64.0,0,0,Intervensi Preventif,2226
65.0,0,0,Intervensi Preventif,2226
66.0,0,0,Intervensi Preventif,2226
67.0,0,1,Intervensi Preventif,2226
68.0,0,2,Intervensi Preventif,2226
69.0,0,2,Intervensi Preventif,2226
70.0,0,3,Intervensi Preventif,2226
71.0,0,1,Intervensi Preventif,2226
72.0,0,1,Intervensi Preventif,2226
73.0,0,0,Intervensi Preventif,2226
74.0,0,0,Intervensi Preventif,2226
75.0,0,0,Intervensi Preventif,2226
76.0,0,1,Intervensi Preventif,2226
77.0,0,1,Intervensi Preventif,2226
78.0,0,2,Intervensi Preventif,2226
79.0,0,2,Intervensi Preventif,2226
80.0,0,1,Intervensi Preventif,2226
81.0,0,0,Intervensi Preventif,2226
82.0,0,0,Intervensi Preventif,2226
83.0,0,0,Intervensi Preventif,2226
84.0,0,1,Intervensi Preventif,2226
85.0,0,1,Intervensi Preventif,2226
86.0,0,1,Intervensi Preventif,2226
87.0,0,0,Intervensi Preventif,2226
88.0,0,0,Intervensi Preventif,2226
89.0,0,0,Intervensi Preventif,2226
90.0,0,2,Intervensi Preventif,2226
91.0,0,2,Intervensi Preventif,2226
92.0,0,3,Intervensi Preventif,2226
93.0,0,3,Intervensi Preventif,2226
94.0,1,3,Intervensi Preventif,2226
95.0,0,2,Intervensi Preventif,2226
96.0,0,1,Intervensi Preventif,2226
97.0,0,1,Intervensi Preventif,2226
98.0,0,0,Intervensi Preventif,2226
99.0,0,0,Intervensi Preventif,2226
100.0,0,0,Intervensi Preventif,2226
101.0,0,0,Intervensi Preventif,2226
102.0,0,0,Intervensi Preventif,2226
103.0,0,1,Intervensi Preventif,2226
104.0,0,1,Intervensi Preventif,2226
105.0,0,1,Intervensi Preventif,2226
106.0,0,0,Intervensi Preventif,2226
107.0,0,0,Intervensi Preventif,2226
108.0,0,0,Intervensi Preventif,2226
109.0,0,0,Intervensi Preventif,2226
110.0,0,1,Intervensi Preventif,2226
111.0,0,1,Intervensi Preventif,2226
112.0,0,1,Intervensi Preventif,2226
113.0,0,1,Intervensi Preventif,2226
114.0,0,1,Intervensi Preventif,2226
115.0,0,0,Intervensi Preventif,2226
116.0,0,0,Intervensi Preventif,2226
117.0,0,1,Intervensi Preventif,2226
118.0,0,1,Intervensi Preventif,2226
119.0,0,1,Intervensi Preventif,2226
120.0,0,1,Intervensi Preventif,2226
121.0,0,0,Intervensi Preventif,2226
122.0,0,0,Intervensi Preventif,2226
123.0,0,1,Intervensi Preventif,2226
124.0,0,1,Intervensi Preventif,2226
125.0,0,1,Intervensi Preventif,2226
126.0,0,1,Intervensi Preventif,2226
127.0,0,1,Intervensi Preventif,2226
128.0,0,1,Intervensi Preventif,2226
129.0,0,1,Intervensi Preventif,2226
130.0,0,1,Intervensi Preventif,2226
131.0,0,1,Intervensi Preventif,2226
132.0,0,0,Intervensi Preventif,2226
133.0,0,0,Intervensi Preventif,2226
134.0,0,1,Intervensi Preventif,2226
135.0,0,1,Intervensi Preventif,2226
136.0,0,1,Intervensi Preventif,2226
137.0,0,3,Intervensi Preventif,2226
138.0,0,3,Intervensi Preventif,2226
139.0,0,3,Intervensi Preventif,2226
140.0,1,3,Intervensi Preventif,2226
141.0,0,3,Intervensi Preventif,2226
142.0,0,2,Intervensi Preventif,2226
143.0,0,2,Intervensi Preventif,2226
144.0,0,1,Intervensi Preventif,2226
145.0,0,1,Intervensi Preventif,2226
146.0,0,1,Intervensi Preventif,2226
147.0,0,1,Intervensi Preventif,2226
148.0,0,2,Intervensi Preventif,2226
149.0,0,3,Intervensi Preventif,2226
150.0,0,3,Intervensi Preventif,2226
151.0,0,3,Intervensi Preventif,2226
152.0,0,3,Intervensi Preventif,2226
153.0,0,1,Intervensi Preventif,2226
154.0,0,1,Intervensi Preventif,2226
155.0,0,2,Intervensi Preventif,2226
156.0,0,3,Intervensi Preventif,2226
157.0,0,3,Intervensi Preventif,2226
158.0,0,3,Intervensi Preventif,2226
159.0,0,3,Intervensi Preventif,2226
160.0,0,0,Intervensi Preventif,2226
161.0,0,0,Intervensi Preventif,2226
162.0,0,2,Intervensi Preventif,2226
163.0,0,3,Intervensi Preventif,2226
164.0,0,3,Intervensi Preventif,2226
165.0,0,1,Intervensi Preventif,2226
166.0,0,2,Intervensi Preventif,2226
167.0,0,2,Intervensi Preventif,2226
168.0,0,1,Intervensi Preventif,2226
169.0,0,2,Intervensi Preventif,2226
170.0,0,1,Intervensi Preventif,2226
171.0,0,2,Intervensi Preventif,2226
172.0,0,2,Intervensi Preventif,2226
173.0,0,2,Intervensi Preventif,2226
174.0,0,2,Intervensi Preventif,2226
175.0,0,1,Intervensi Preventif,2226
176.0,0,2,Intervensi Preventif,2226
177.0,0,2,Intervensi Preventif,2226
178.0,0,3,Intervensi Preventif,2226
179.0,0,3,Intervensi Preventif,2226
180.0,0,2,Intervensi Preventif,2226
181.0,0,3,Intervensi Preventif,2226
182.0,0,1,Intervensi Preventif,2226
183.0,0,1,Intervensi Preventif,2226
184.0,0,1,Intervensi Preventif,2226
185.0,0,0,Intervensi Preventif,2226
186.0,0,0,Intervensi Preventif,2226
187.0,0,0,Intervensi Preventif,2226
188.0,0,0,Intervensi Preventif,2226
189.0,0,0,Intervensi Preventif,2226
190.0,0,0,Intervensi Preventif,2226
191.0,0,0,Intervensi Preventif,2226
192.0,0,0,Intervensi Preventif,2226
193.0,0,0,Intervensi Preventif,2226
194.0,0,0,Intervensi Preventif,2226
195.0,0,0,Intervensi Preventif,2226
196.0,0,0,Intervensi Preventif,2226
197.0,0,0,Intervensi Preventif,2226
198.0,0,1,Intervensi Preventif,2226
199.0,0,1,Intervensi Preventif,2226
200.0,0,2,Intervensi Preventif,2226
201.0,0,3,Intervensi Preventif,2226
202.0,0,3,Intervensi Preventif,2226
203.0,0,3,Intervensi Preventif,2226
204.0,0,2,Intervensi Preventif,2226
205.0,0,2,Intervensi Preventif,2226
206.0,0,0,Intervensi Preventif,2226
207.0,0,0,Intervensi Preventif,2226
208.0,0,0,Intervensi Preventif,2226
209.0,0,0,Intervensi Preventif,2226
210.0,0,1,Intervensi Preventif,2226
211.0,0,1,Intervensi Preventif,2226
212.0,0,2,Intervensi Preventif,2226
213.0,0,2,Intervensi Preventif,2226
214.0,0,2,Intervensi Preventif,2226
215.0,0,1,Intervensi Preventif,2226
216.0,0,0,Intervensi Preventif,2226
217.0,0,0,Intervensi Preventif,2226
218.0,0,0,Intervensi Preventif,2226
219.0,0,0,Intervensi Preventif,2226
220.0,0,0,Intervensi Preventif,2226
221.0,0,1,Intervensi Preventif,2226
222.0,0,1,Intervensi Preventif,2226
223.0,0,1,Intervensi Preventif,2226
224.0,0,0,Intervensi Preventif,2226
225.0,0,0,Intervensi Preventif,2226
226.0,0,0,Intervensi Preventif,2226
227.0,0,2,Intervensi Preventif,2226
228.0,0,2,Intervensi Preventif,2226
229.0,0,2,Intervensi Preventif,2226
230.0,0,1,Intervensi Preventif,2226
231.0,0,0,Intervensi Preventif,2226
232.0,0,0,Intervensi Preventif,2226
233.0,0,0,Intervensi Preventif,2226
234.0,0,0,Intervensi Preventif,2226
235.0,0,1,Intervensi Preventif,2226
236.0,0,1,Intervensi Preventif,2226
237.0,0,3,Intervensi Preventif,2226
238.0,1,3,Intervensi Preventif,2226
239.0,0,3,Intervensi Preventif,2226
240.0,0,2,Intervensi Preventif,2226
241.0,0,2,Intervensi Preventif,2226
242.0,0,2,Intervensi Preventif,2226
243.0,0,2,Intervensi Preventif,2226
244.0,0,2,Intervensi Preventif,2226
245.0,0,1,Intervensi Preventif,2226
246.0,0,1,Intervensi Preventif,2226
247.0,0,0,Intervensi Preventif,2226
248.0,0,0,Intervensi Preventif,2226
249.0,0,0,Intervensi Preventif,2226
250.0,0,1,Intervensi Preventif,2226
251.0,0,1,Intervensi Preventif,2226
252.0,0,1,Intervensi Preventif,2226
253.0,0,0,Intervensi Preventif,2226
254.0,0,0,Intervensi Preventif,2226
255.0,0,0,Intervensi Preventif,2226
256.0,0,2,Intervensi Preventif,2226
257.0,1,3,Intervensi Preventif,2226
258.0,1,3,Intervensi Preventif,2226
259.0,0,2,Intervensi Preventif,2226
260.0,0,1,Intervensi Preventif,2226
261.0,0,2,Intervensi Preventif,2226
262.0,0,1,Intervensi Preventif,2226
263.0,0,1,Intervensi Preventif,2226
264.0,0,3,Intervensi Preventif,2226
265.0,0,3,Intervensi Preventif,2226
266.0,0,3,Intervensi Preventif,2226
267.0,0,2,Intervensi Preventif,2226
268.0,0,1,Intervensi Preventif,2226
269.0,0,0,Intervensi Preventif,2226
270.0,0,0,Intervensi Preventif,2226
271.0,0,0,Intervensi Preventif,2226
272.0,0,0,Intervensi Preventif,2226
273.0,0,1,Intervensi Preventif,2226
274.0,0,1,Intervensi Preventif,2226
275.0,0,2,Intervensi Preventif,2226
276.0,0,2,Intervensi Preventif,2226
277.0,0,1,Intervensi Preventif,2226
278.0,0,1,Intervensi Preventif,2226
279.0,0,3,Intervensi Preventif,2226
280.0,0,2,Intervensi Preventif,2226
281.0,1,3,Intervensi Preventif,2226
282.0,0,2,Intervensi Preventif,2226
283.0,0,2,Intervensi Preventif,2226
284.0,0,2,Intervensi Preventif,2226
285.0,0,1,Intervensi Preventif,2226
286.0,0,1,Intervensi Preventif,2226
287.0,0,2,Intervensi Preventif,2226
288.0,0,2,Intervensi Preventif,2226
289.0,0,1,Intervensi Preventif,2226
290.0,0,0,Intervensi Preventif,2226
291.0,0,0,Intervensi Preventif,2226
292.0,0,0,Intervensi Preventif,2226
293.0,0,0,Intervensi Preventif,2226
294.0,0,0,Intervensi Preventif,2226
295.0,0,1,Intervensi Preventif,2226
296.0,0,1,Intervensi Preventif,2226
297.0,0,1,Intervensi Preventif,2226
298.0,0,2,Intervensi Preventif,2226
299.0,1,3,Intervensi Preventif,2226
300.0,1,3,Intervensi Preventif,2226
301.0,1,3,Intervensi Preventif,2226
302.0,0,3,Intervensi Preventif,2226
303.0,0,3,Intervensi Preventif,2226
304.0,0,1,Intervensi Preventif,2226
305.0,0,0,Intervensi Preventif,2226
306.0,0,0,Intervensi Preventif,2226
307.0,0,0,Intervensi Preventif,2226
308.0,0,1,Intervensi Preventif,2226
309.0,0,1,Intervensi Preventif,2226
310.0,0,1,Intervensi Preventif,2226
311.0,0,0,Intervensi Preventif,2226
312.0,0,0,Intervensi Preventif,2226
313.0,0,0,Intervensi Preventif,2226
314.0,0,0,Intervensi Preventif,2226
315.0,0,0,Intervensi Preventif,2226
316.0,0,0,Intervensi Preventif,2226
317.0,0,0,Intervensi Preventif,2226
318.0,0,0,Intervensi Preventif,2226
319.0,0,1,Intervensi Preventif,2226
320.0,0,1,Intervensi Preventif,2226
321.0,0,1,Intervensi Preventif,2226
322.0,0,1,Intervensi Preventif,2226
323.0,0,2,Intervensi Preventif,2226
324.0,0,2,Intervensi Preventif,2226
325.0,0,2,Intervensi Preventif,2226
326.0,0,1,Intervensi Preventif,2226
327.0,0,1,Intervensi Preventif,2226
328.0,0,2,Intervensi Preventif,2226
329.0,0,1,Intervensi Preventif,2226
330.0,0,2,Intervensi Preventif,2226
331.0,0,2,Intervensi Preventif,2226
332.0,0,2,Intervensi Preventif,2226
333.0,0,2,Intervensi Preventif,2226
334.0,0,1,Intervensi Preventif,2226
335.0,0,1,Intervensi Preventif,2226
336.0,0,1,Intervensi Preventif,2226
337.0,0,0,Intervensi Preventif,2226
338.0,0,1,Intervensi Preventif,2226
339.0,0,1,Intervensi Preventif,2226
340.0,0,1,Intervensi Preventif,2226
341.0,0,1,Intervensi Preventif,2226
342.0,0,1,Intervensi Preventif,2226
343.0,0,2,Intervensi Preventif,2226
344.0,0,2,Intervensi Preventif,2226
345.0,0,2,Intervensi Preventif,2226
346.0,0,0,Intervensi Preventif,2226
347.0,0,0,Intervensi Preventif,2226
348.0,0,0,Intervensi Preventif,2226
349.0,0,0,Intervensi Preventif,2226
350.0,0,1,Intervensi Preventif,2226
351.0,0,1,Intervensi Preventif,2226
352.0,0,1,Intervensi Preventif,2226
353.0,0,0,Intervensi Preventif,2226
354.0,0,0,Intervensi Preventif,2226
355.0,0,0,Intervensi Preventif,2226
356.0,0,0,Intervensi Preventif,2226
357.0,0,1,Intervensi Preventif,2226
358.0,0,1,Intervensi Preventif,2226
359.0,0,1,Intervensi Preventif,2226
360.0,0,2,Intervensi Preventif,2226
361.0,0,1,Intervensi Preventif,2226
362.0,0,1,Intervensi Preventif,2226
363.0,0,1,Intervensi Preventif,2226
364.0,0,1,Intervensi Preventif,2226
365.0,0,2,Intervensi Preventif,2226
366.0,0,2,Intervensi Preventif,2226
367.0,0,2,Intervensi Preventif,2226
368.0,0,1,Intervensi Preventif,2226
369.0,0,1,Intervensi Preventif,2226
370.0,0,0,Intervensi Preventif,2226
371.0,0,0,Intervensi Preventif,2226
372.0,0,0,Intervensi Preventif,2226
373.0,0,0,Intervensi Preventif,2226
374.0,0,1,Intervensi Preventif,2226
375.0,0,2,Intervensi Preventif,2226
376.0,0,2,Intervensi Preventif,2226
377.0,0,1,Intervensi Preventif,2226
378.0,0,1,Intervensi Preventif,2226
379.0,0,2,Intervensi Preventif,2226
380.0,0,2,Intervensi Preventif,2226
381.0,0,2,Intervensi Preventif,2226
382.0,0,1,Intervensi Preventif,2226
383.0,0,1,Intervensi Preventif,2226
384.0,0,2,Intervensi Preventif,2226
385.0,0,1,Intervensi Preventif,2226
386.0,0,1,Intervensi Preventif,2226
387.0,0,0,Intervensi Preventif,2226
388.0,0,0,Intervensi Preventif,2226
389.0,0,0,Intervensi Preventif,2226
390.0,0,0,Intervensi Preventif,2226
391.0,0,0,Intervensi Preventif,2226
392.0,0,0,Intervensi Preventif,2226
393.0,0,2,Intervensi Preventif,2226
394.0,0,2,Intervensi Preventif,2226
395.0,0,3,Intervensi Preventif,2226
396.0,0,3,Intervensi Preventif,2226
397.0,0,3,Intervensi Preventif,2226
398.0,0,2,Intervensi Preventif,2226
399.0,0,1,Intervensi Preventif,2226
400.0,0,1,Intervensi Preventif,2226
401.0,0,1,Intervensi Preventif,2226
402.0,0,1,Intervensi Preventif,2226
403.0,0,1,Intervensi Preventif,2226
404.0,0,0,Intervensi Preventif,2226
405.0,0,0,Intervensi Preventif,2226
406.0,0,1,Intervensi Preventif,2226
407.0,0,1,Intervensi Preventif,2226
408.0,0,1,Intervensi Preventif,2226
409.0,0,2,Intervensi Preventif,2226
410.0,0,3,Intervensi Preventif,2226
411.0,0,3,Intervensi Preventif,2226
412.0,0,2,Intervensi Preventif,2226
413.0,0,2,Intervensi Preventif,2226
414.0,0,2,Intervensi Preventif,2226
415.0,0,0,Intervensi Preventif,2226
416.0,0,0,Intervensi Preventif,2226
417.0,0,0,Intervensi Preventif,2226
418.0,0,0,Intervensi Preventif,2226
419.0,0,2,Intervensi Preventif,2226
420.0,0,2,Intervensi Preventif,2226
421.0,0,2,Intervensi Preventif,2226
422.0,0,1,Intervensi Preventif,2226
423.0,0,0,Intervensi Preventif,2226
424.0,0,0,Intervensi Preventif,2226
425.0,0,1,Intervensi Preventif,2226
426.0,0,1,Intervensi Preventif,2226
427.0,0,0,Intervensi Preventif,2226
428.0,0,1,Intervensi Preventif,2226
429.0,0,1,Intervensi Preventif,2226
430.0,0,1,Intervensi Preventif,2226
431.0,0,0,Intervensi Preventif,2226
432.0,0,0,Intervensi Preventif,2226
433.0,0,0,Intervensi Preventif,2226
434.0,0,1,Intervensi Preventif,2226
435.0,0,1,Intervensi Preventif,2226
436.0,0,1,Intervensi Preventif,2226
437.0,0,0,Intervensi Preventif,2226
438.0,0,0,Intervensi Preventif,2226
439.0,0,0,Intervensi Preventif,2226
440.0,0,0,Intervensi Preventif,2226
441.0,0,0,Intervensi Preventif,2226
442.0,0,0,Intervensi Preventif,2226
443.0,0,0,Intervensi Preventif,2226
444.0,0,1,Intervensi Preventif,2226
445.0,0,1,Intervensi Preventif,2226
446.0,0,1,Intervensi Preventif,2226
447.0,0,1,Intervensi Preventif,2226
448.0,0,2,Intervensi Preventif,2226
449.0,0,3,Intervensi Preventif,2226
450.0,2,3,Intervensi Preventif,2226
451.0,0,3,Intervensi Preventif,2226
452.0,0,2,Intervensi Preventif,2226
453.0,0,2,Intervensi Preventif,2226
454.0,0,1,Intervensi Preventif,2226
455.0,0,0,Intervensi Preventif,2226
456.0,0,0,Intervensi Preventif,2226
457.0,0,0,Intervensi Preventif,2226
458.0,0,0,Intervensi Preventif,2226
459.0,0,2,Intervensi Preventif,2226
460.0,0,2,Intervensi Preventif,2226
461.0,0,2,Intervensi Preventif,2226
462.0,0,1,Intervensi Preventif,2226
463.0,0,0,Intervensi Preventif,2226
464.0,0,0,Intervensi Preventif,2226
465.0,0,0,Intervensi Preventif,2226
466.0,0,0,Intervensi Preventif,2226
467.0,0,0,Intervensi Preventif,2226
468.0,0,1,Intervensi Preventif,2226
469.0,0,2,Intervensi Preventif,2226
470.0,0,2,Intervensi Preventif,2226
471.0,0,2,Intervensi Preventif,2226
472.0,0,2,Intervensi Preventif,2226
473.0,0,2,Intervensi Preventif,2226
474.0,0,2,Intervensi Preventif,2226
475.0,0,1,Intervensi Preventif,2226
476.0,0,1,Intervensi Preventif,2226
477.0,0,1,Intervensi Preventif,2226
478.0,0,1,Intervensi Preventif,2226
479.0,0,2,Intervensi Preventif,2226
480.0,0,2,Intervensi Preventif,2226
0.0,0,0,Beban Tinggi,2326
1.0,0,1,Beban Tinggi,2326
2.0,0,2,Beban Tinggi,2326
3.0,0,2,Beban Tinggi,2326
4.0,0,2,Beban Tinggi,2326
5.0,0,1,Beban Tinggi,2326
6.0,0,2,Beban Tinggi,2326
7.0,0,2,Beban Tinggi,2326
8.0,1,2,Beban Tinggi,2326
9.0,3,2,Beban Tinggi,2326
10.0,4,2,Beban Tinggi,2326
11.0,3,2,Beban Tinggi,2326
12.0,3,2,Beban Tinggi,2326
13.0,3,2,Beban Tinggi,2326
14.0,3,2,Beban Tinggi,2326
15.0,3,2,Beban Tinggi,2326
16.0,3,2,Beban Tinggi,2326
17.0,3,2,Beban Tinggi,2326
18.0,2,2,Beban Tinggi,2326
19.0,2,2,Beban Tinggi,2326
20.0,3,2,Beban Tinggi,2326
21.0,4,2,Beban Tinggi,2326
22.0,4,2,Beban Tinggi,2326
23.0,6,2,Beban Tinggi,2326
24.0,6,2,Beban Tinggi,2326
25.0,9,2,Beban Tinggi,2326
26.0,9,2,Beban Tinggi,2326
27.0,9,2,Beban Tinggi,2326
28.0,10,2,Beban Tinggi,2326
29.0,10,2,Beban Tinggi,2326
30.0,10,2,Beban Tinggi,2326
31.0,11,2,Beban Tinggi,2326
32.0,12,2,Beban Tinggi,2326
33.0,10,2,Beban Tinggi,2326
34.0,7,2,Beban Tinggi,2326
35.0,6,2,Beban Tinggi,2326
36.0,6,2,Beban Tinggi,2326
37.0,4,2,Beban Tinggi,2326
38.0,4,2,Beban Tinggi,2326
39.0,4,2,Beban Tinggi,2326
40.0,5,2,Beban Tinggi,2326
41.0,3,2,Beban Tinggi,2326
42.0,3,2,Beban Tinggi,2326
43.0,5,2,Beban Tinggi,2326
44.0,4,2,Beban Tinggi,2326
45.0,3,2,Beban Tinggi,2326
46.0,3,2,Beban Tinggi,2326
47.0,3,2,Beban Tinggi,2326
48.0,4,2,Beban Tinggi,2326
49.0,6,2,Beban Tinggi,2326
50.0,6,2,Beban Tinggi,2326
51.0,6,2,Beban Tinggi,2326
52.0,8,2,Beban Tinggi,2326
53.0,6,2,Beban Tinggi,2326
54.0,6,2,Beban Tinggi,2326
55.0,6,2,Beban Tinggi,2326
56.0,6,2,Beban Tinggi,2326
57.0,6,2,Beban Tinggi,2326
58.0,5,2,Beban Tinggi,2326
59.0,4,2,Beban Tinggi,2326
60.0,3,2,Beban Tinggi,2326
61.0,3,2,Beban Tinggi,2326
62.0,2,2,Beban Tinggi,2326
63.0,2,2,Beban Tinggi,2326
64.0,2,2,Beban Tinggi,2326
65.0,2,2,Beban Tinggi,2326
66.0,2,2,Beban Tinggi,2326
67.0,2,2,Beban Tinggi,2326
68.0,3,2,Beban Tinggi,2326
69.0,2,2,Beban Tinggi,2326
70.0,4,2,Beban Tinggi,2326
71.0,3,2,Beban Tinggi,2326
72.0,5,2,Beban Tinggi,2326
73.0,6,2,Beban Tinggi,2326
74.0,5,2,Beban Tinggi,2326
75.0,4,2,Beban Tinggi,2326
76.0,4,2,Beban Tinggi,2326
77.0,6,2,Beban Tinggi,2326
78.0,4,2,Beban Tinggi,2326
79.0,5,2,Beban Tinggi,2326
80.0,5,2,Beban Tinggi,2326
81.0,5,2,Beban Tinggi,2326
82.0,4,2,Beban Tinggi,2326
83.0,2,2,Beban Tinggi,2326
84.0,2,2,Beban Tinggi,2326
85.0,2,2,Beban Tinggi,2326
86.0,3,2,Beban Tinggi,2326
87.0,3,2,Beban Tinggi,2326
88.0,3,2,Beban Tinggi,2326
89.0,1,2,Beban Tinggi,2326
90.0,2,2,Beban Tinggi,2326
91.0,1,2,Beban Tinggi,2326
92.0,3,2,Beban Tinggi,2326
93.0,3,2,Beban Tinggi,2326
94.0,2,2,Beban Tinggi,2326
95.0,1,2,Beban Tinggi,2326
96.0,1,2,Beban Tinggi,2326
97.0,1,2,Beban Tinggi,2326
98.0,0,2,Beban Tinggi,2326
99.0,0,1,Beban Tinggi,2326
100.0,0,1,Beban Tinggi,2326
101.0,0,1,Beban Tinggi,2326
102.0,0,0,Beban Tinggi,2326
103.0,0,0,Beban Tinggi,2326
104.0,0,0,Beban Tinggi,2326
105.0,0,1,Beban Tinggi,2326
106.0,0,2,Beban Tinggi,2326
107.0,1,2,Beban Tinggi,2326
108.0,1,2,Beban Tinggi,2326
109.0,1,2,Beban Tinggi,2326
110.0,1,2,Beban Tinggi,2326
111.0,1,2,Beban Tinggi,2326
112.0,1,2,Beban Tinggi,2326
113.0,4,2,Beban Tinggi,2326
114.0,3,2,Beban Tinggi,2326
115.0,4,2,Beban Tinggi,2326
116.0,3,2,Beban Tinggi,2326
117.0,2,2,Beban Tinggi,2326
118.0,2,2,Beban Tinggi,2326
119.0,2,2,Beban Tinggi,2326
120.0,2,2,Beban Tinggi,2326
121.0,3,2,Beban Tinggi,2326
122.0,3,2,Beban Tinggi,2326
123.0,4,2,Beban Tinggi,2326
124.0,5,2,Beban Tinggi,2326
125.0,5,2,Beban Tinggi,2326
126.0,6,2,Beban Tinggi,2326
127.0,6,2,Beban Tinggi,2326
128.0,4,2,Beban Tinggi,2326
129.0,4,2,Beban Tinggi,2326
130.0,4,2,Beban Tinggi,2326
131.0,4,2,Beban Tinggi,2326
132.0,4,2,Beban Tinggi,2326
133.0,4,2,Beban Tinggi,2326
134.0,3,2,Beban Tinggi,2326
135.0,2,2,Beban Tinggi,2326
136.0,2,2,Beban Tinggi,2326
137.0,2,2,Beban Tinggi,2326
138.0,0,2,Beban Tinggi,2326
139.0,0,2,Beban Tinggi,2326
140.0,0,2,Beban Tinggi,2326
141.0,0,2,Beban Tinggi,2326
142.0,0,2,Beban Tinggi,2326
143.0,0,1,Beban Tinggi,2326
144.0,0,0,Beban Tinggi,2326
145.0,0,0,Beban Tinggi,2326
146.0,0,2,Beban Tinggi,2326
147.0,1,2,Beban Tinggi,2326
148.0,1,2,Beban Tinggi,2326
149.0,0,2,Beban Tinggi,2326
150.0,0,1,Beban Tinggi,2326
151.0,0,2,Beban Tinggi,2326
152.0,0,2,Beban Tinggi,2326
153.0,0,2,Beban Tinggi,2326
154.0,0,1,Beban Tinggi,2326
155.0,0,1,Beban Tinggi,2326
156.0,0,2,Beban Tinggi,2326
157.0,0,2,Beban Tinggi,2326
158.0,1,2,Beban Tinggi,2326
159.0,2,2,Beban Tinggi,2326
160.0,1,2,Beban Tinggi,2326
161.0,0,2,Beban Tinggi,2326
162.0,0,2,Beban Tinggi,2326
163.0,1,2,Beban Tinggi,2326
164.0,2,2,Beban Tinggi,2326
165.0,1,2,Beban Tinggi,2326
166.0,1,2,Beban Tinggi,2326
167.0,0,2,Beban Tinggi,2326
168.0,1,2,Beban Tinggi,2326
169.0,0,2,Beban Tinggi,2326
170.0,0,2,Beban Tinggi,2326
171.0,0,1,Beban Tinggi,2326
172.0,1,2,Beban Tinggi,2326
173.0,1,2,Beban Tinggi,2326
174.0,2,2,Beban Tinggi,2326
175.0,2,2,Beban Tinggi,2326
176.0,1,2,Beban Tinggi,2326
177.0,1,2,Beban Tinggi,2326
178.0,1,2,Beban Tinggi,2326
179.0,2,2,Beban Tinggi,2326
180.0,2,2,Beban Tinggi,2326
181.0,1,2,Beban Tinggi,2326
182.0,1,2,Beban Tinggi,2326
183.0,1,2,Beban Tinggi,2326
184.0,1,2,Beban Tinggi,2326
185.0,0,1,Beban Tinggi,2326
186.0,0,2,Beban Tinggi,2326
187.0,0,2,Beban Tinggi,2326
188.0,0,1,Beban Tinggi,2326
189.0,0,1,Beban Tinggi,2326
190.0,0,1,Beban Tinggi,2326
191.0,0,2,Beban Tinggi,2326
192.0,1,2,Beban Tinggi,2326
193.0,1,2,Beban Tinggi,2326
194.0,0,2,Beban Tinggi,2326
195.0,1,2,Beban Tinggi,2326
196.0,2,2,Beban Tinggi,2326
197.0,3,2,Beban Tinggi,2326
198.0,3,2,Beban Tinggi,2326
199.0,1,2,Beban Tinggi,2326
200.0,1,2,Beban Tinggi,2326
201.0,1,2,Beban Tinggi,2326
202.0,0,2,Beban Tinggi,2326
203.0,0,1,Beban Tinggi,2326
204.0,1,2,Beban Tinggi,2326
205.0,1,2,Beban Tinggi,2326
206.0,2,2,Beban Tinggi,2326
207.0,2,2,Beban Tinggi,2326
208.0,2,2,Beban Tinggi,2326
209.0,1,2,Beban Tinggi,2326
210.0,1,2,Beban Tinggi,2326
211.0,1,2,Beban Tinggi,2326
212.0,2,2,Beban Tinggi,2326
213.0,2,2,Beban Tinggi,2326
214.0,2,2,Beban Tinggi,2326
215.0,1,2,Beban Tinggi,2326
216.0,0,2,Beban Tinggi,2326
217.0,1,2,Beban Tinggi,2326
218.0,1,2,Beban Tinggi,2326
219.0,0,1,Beban Tinggi,2326
220.0,2,2,Beban Tinggi,2326
221.0,2,2,Beban Tinggi,2326
222.0,2,2,Beban Tinggi,2326
223.0,2,2,Beban Tinggi,2326
224.0,1,2,Beban Tinggi,2326
225.0,1,2,Beban Tinggi,2326
226.0,1,2,Beban Tinggi,2326
227.0,2,2,Beban Tinggi,2326
228.0,0,2,Beban Tinggi,2326
229.0,0,2,Beban Tinggi,2326
230.0,0,2,Beban Tinggi,2326
231.0,1,2,Beban Tinggi,2326
232.0,0,2,Beban Tinggi,2326
233.0,2,2,Beban Tinggi,2326
234.0,1,2,Beban Tinggi,2326
235.0,3,2,Beban Tinggi,2326
236.0,3,2,Beban Tinggi,2326
237.0,3,2,Beban Tinggi,2326
238.0,3,2,Beban Tinggi,2326
239.0,3,2,Beban Tinggi,2326
240.0,3,2,Beban Tinggi,2326
241.0,3,2,Beban Tinggi,2326
242.0,3,2,Beban Tinggi,2326
243.0,3,2,Beban Tinggi,2326
244.0,4,2,Beban Tinggi,2326
245.0,5,2,Beban Tinggi,2326
246.0,3,2,Beban Tinggi,2326
247.0,4,2,Beban Tinggi,2326
248.0,4,2,Beban Tinggi,2326
249.0,5,2,Beban Tinggi,2326
250.0,6,2,Beban Tinggi,2326
251.0,5,2,Beban Tinggi,2326
252.0,7,2,Beban Tinggi,2326
253.0,7,2,Beban Tinggi,2326
254.0,7,2,Beban Tinggi,2326
255.0,8,2,Beban Tinggi,2326
256.0,9,2,Beban Tinggi,2326
257.0,7,2,Beban Tinggi,2326
258.0,6,2,Beban Tinggi,2326
259.0,6,2,Beban Tinggi,2326
260.0,8,2,Beban Tinggi,2326
261.0,9,2,Beban Tinggi,2326
262.0,8,2,Beban Tinggi,2326
263.0,7,2,Beban Tinggi,2326
264.0,8,2,Beban Tinggi,2326
265.0,8,2,Beban Tinggi,2326
266.0,6,2,Beban Tinggi,2326
267.0,7,2,Beban Tinggi,2326
268.0,8,2,Beban Tinggi,2326
269.0,7,2,Beban Tinggi,2326
270.0,6,2,Beban Tinggi,2326
271.0,7,2,Beban Tinggi,2326
272.0,6,2,Beban Tinggi,2326
273.0,6,2,Beban Tinggi,2326
274.0,6,2,Beban Tinggi,2326
275.0,9,2,Beban Tinggi,2326
276.0,8,2,Beban Tinggi,2326
277.0,10,2,Beban Tinggi,2326
278.0,9,2,Beban Tinggi,2326
279.0,8,2,Beban Tinggi,2326
280.0,7,2,Beban Tinggi,2326
281.0,7,2,Beban Tinggi,2326
282.0,8,2,Beban Tinggi,2326
283.0,7,2,Beban Tinggi,2326
284.0,6,2,Beban Tinggi,2326
285.0,4,2,Beban Tinggi,2326
286.0,4,2,Beban Tinggi,2326
287.0,1,2,Beban Tinggi,2326
288.0,1,2,Beban Tinggi,2326
289.0,1,2,Beban Tinggi,2326
290.0,0,1,Beban Tinggi,2326
291.0,0,2,Beban Tinggi,2326
292.0,0,2,Beban Tinggi,2326
293.0,0,2,Beban Tinggi,2326
294.0,1,2,Beban Tinggi,2326
295.0,0,2,Beban Tinggi,2326
296.0,1,2,Beban Tinggi,2326
297.0,1,2,Beban Tinggi,2326
298.0,1,2,Beban Tinggi,2326
299.0,2,2,Beban Tinggi,2326
300.0,3,2,Beban Tinggi,2326
301.0,2,2,Beban Tinggi,2326
302.0,1,2,Beban Tinggi,2326
303.0,2,2,Beban Tinggi,2326
304.0,2,2,Beban Tinggi,2326
305.0,1,2,Beban Tinggi,2326
306.0,2,2,Beban Tinggi,2326
307.0,3,2,Beban Tinggi,2326
308.0,3,2,Beban Tinggi,2326
309.0,3,2,Beban Tinggi,2326
310.0,4,2,Beban Tinggi,2326
311.0,5,2,Beban Tinggi,2326
312.0,5,2,Beban Tinggi,2326
313.0,6,2,Beban Tinggi,2326
314.0,6,2,Beban Tinggi,2326
315.0,6,2,Beban Tinggi,2326
316.0,7,2,Beban Tinggi,2326
317.0,6,2,Beban Tinggi,2326
318.0,5,2,Beban Tinggi,2326
319.0,5,2,Beban Tinggi,2326
320.0,5,2,Beban Tinggi,2326
321.0,4,2,Beban Tinggi,2326
322.0,4,2,Beban Tinggi,2326
323.0,3,2,Beban Tinggi,2326
324.0,3,2,Beban Tinggi,2326
325.0,3,2,Beban Tinggi,2326
326.0,3,2,Beban Tinggi,2326
327.0,3,2,Beban Tinggi,2326
328.0,4,2,Beban Tinggi,2326
329.0,4,2,Beban Tinggi,2326
330.0,3,2,Beban Tinggi,2326
331.0,4,2,Beban Tinggi,2326
332.0,3,2,Beban Tinggi,2326
333.0,3,2,Beban Tinggi,2326
334.0,3,2,Beban Tinggi,2326
335.0,4,2,Beban Tinggi,2326
336.0,3,2,Beban Tinggi,2326
337.0,3,2,Beban Tinggi,2326
338.0,3,2,Beban Tinggi,2326
339.0,4,2,Beban Tinggi,2326
340.0,4,2,Beban Tinggi,2326
341.0,3,2,Beban Tinggi,2326
342.0,4,2,Beban Tinggi,2326
343.0,5,2,Beban Tinggi,2326
344.0,5,2,Beban Tinggi,2326
345.0,5,2,Beban Tinggi,2326
346.0,5,2,Beban Tinggi,2326
347.0,5,2,Beban Tinggi,2326
348.0,5,2,Beban Tinggi,2326
349.0,6,2,Beban Tinggi,2326
350.0,6,2,Beban Tinggi,2326
351.0,6,2,Beban Tinggi,2326
352.0,3,2,Beban Tinggi,2326
353.0,3,2,Beban Tinggi,2326
354.0,3,2,Beban Tinggi,2326
355.0,1,2,Beban Tinggi,2326
356.0,1,2,Beban Tinggi,2326
357.0,2,2,Beban Tinggi,2326
358.0,4,2,Beban Tinggi,2326
359.0,3,2,Beban Tinggi,2326
360.0,3,2,Beban Tinggi,2326
361.0,5,2,Beban Tinggi,2326
362.0,4,2,Beban Tinggi,2326
363.0,4,2,Beban Tinggi,2326
364.0,5,2,Beban Tinggi,2326
365.0,5,2,Beban Tinggi,2326
366.0,5,2,Beban Tinggi,2326
367.0,5,2,Beban Tinggi,2326
368.0,5,2,Beban Tinggi,2326
369.0,6,2,Beban Tinggi,2326
370.0,7,2,Beban Tinggi,2326
371.0,6,2,Beban Tinggi,2326
372.0,7,2,Beban Tinggi,2326
373.0,9,2,Beban Tinggi,2326
374.0,8,2,Beban Tinggi,2326
375.0,8,2,Beban Tinggi,2326
376.0,7,2,Beban Tinggi,2326
377.0,6,2,Beban Tinggi,2326
378.0,7,2,Beban Tinggi,2326
379.0,8,2,Beban Tinggi,2326
380.0,8,2,Beban Tinggi,2326
381.0,7,2,Beban Tinggi,2326
382.0,7,2,Beban Tinggi,2326
383.0,7,2,Beban Tinggi,2326
384.0,7,2,Beban Tinggi,2326
385.0,8,2,Beban Tinggi,2326
386.0,7,2,Beban Tinggi,2326
387.0,8,2,Beban Tinggi,2326
388.0,8,2,Beban Tinggi,2326
389.0,8,2,Beban Tinggi,2326
390.0,7,2,Beban Tinggi,2326
391.0,7,2,Beban Tinggi,2326
392.0,5,2,Beban Tinggi,2326
393.0,5,2,Beban Tinggi,2326
394.0,4,2,Beban Tinggi,2326
395.0,3,2,Beban Tinggi,2326
396.0,2,2,Beban Tinggi,2326
397.0,3,2,Beban Tinggi,2326
398.0,4,2,Beban Tinggi,2326
399.0,5,2,Beban Tinggi,2326
400.0,4,2,Beban Tinggi,2326
401.0,4,2,Beban Tinggi,2326
402.0,4,2,Beban Tinggi,2326
403.0,5,2,Beban Tinggi,2326
404.0,5,2,Beban Tinggi,2326
405.0,4,2,Beban Tinggi,2326
406.0,4,2,Beban Tinggi,2326
407.0,5,2,Beban Tinggi,2326
408.0,5,2,Beban Tinggi,2326
409.0,4,2,Beban Tinggi,2326
410.0,4,2,Beban Tinggi,2326
411.0,4,2,Beban Tinggi,2326
412.0,2,2,Beban Tinggi,2326
413.0,2,2,Beban Tinggi,2326
414.0,2,2,Beban Tinggi,2326
415.0,2,2,Beban Tinggi,2326
416.0,2,2,Beban Tinggi,2326
417.0,2,2,Beban Tinggi,2326
418.0,3,2,Beban Tinggi,2326
419.0,1,2,Beban Tinggi,2326
420.0,2,2,Beban Tinggi,2326
421.0,3,2,Beban Tinggi,2326
422.0,5,2,Beban Tinggi,2326
423.0,6,2,Beban Tinggi,2326
424.0,4,2,Beban Tinggi,2326
425.0,4,2,Beban Tinggi,2326
426.0,4,2,Beban Tinggi,2326
427.0,5,2,Beban Tinggi,2326
428.0,6,2,Beban Tinggi,2326
429.0,4,2,Beban Tinggi,2326
430.0,5,2,Beban Tinggi,2326
431.0,5,2,Beban Tinggi,2326
432.0,6,2,Beban Tinggi,2326
433.0,4,2,Beban Tinggi,2326
434.0,4,2,Beban Tinggi,2326
435.0,4,2,Beban Tinggi,2326
436.0,5,2,Beban Tinggi,2326
437.0,5,2,Beban Tinggi,2326
438.0,5,2,Beban Tinggi,2326
439.0,4,2,Beban Tinggi,2326
440.0,4,2,Beban Tinggi,2326
441.0,4,2,Beban Tinggi,2326
442.0,4,2,Beban Tinggi,2326
443.0,4,2,Beban Tinggi,2326
444.0,4,2,Beban Tinggi,2326
445.0,4,2,Beban Tinggi,2326
446.0,3,2,Beban Tinggi,2326
447.0,3,2,Beban Tinggi,2326
448.0,4,2,Beban Tinggi,2326
449.0,4,2,Beban Tinggi,2326
450.0,5,2,Beban Tinggi,2326
451.0,5,2,Beban Tinggi,2326
452.0,4,2,Beban Tinggi,2326
453.0,2,2,Beban Tinggi,2326
454.0,3,2,Beban Tinggi,2326
455.0,4,2,Beban Tinggi,2326
456.0,4,2,Beban Tinggi,2326
457.0,3,2,Beban Tinggi,2326
458.0,3,2,Beban Tinggi,2326
459.0,4,2,Beban Tinggi,2326
460.0,4,2,Beban Tinggi,2326
461.0,3,2,Beban Tinggi,2326
462.0,3,2,Beban Tinggi,2326
463.0,2,2,Beban Tinggi,2326
464.0,2,2,Beban Tinggi,2326
465.0,3,2,Beban Tinggi,2326
466.0,4,2,Beban Tinggi,2326
467.0,6,2,Beban Tinggi,2326
468.0,4,2,Beban Tinggi,2326
469.0,5,2,Beban Tinggi,2326
470.0,5,2,Beban Tinggi,2326
471.0,5,2,Beban Tinggi,2326
472.0,4,2,Beban Tinggi,2326
473.0,5,2,Beban Tinggi,2326
474.0,5,2,Beban Tinggi,2326
475.0,6,2,Beban Tinggi,2326
476.0,7,2,Beban Tinggi,2326
477.0,6,2,Beban Tinggi,2326
478.0,6,2,Beban Tinggi,2326
479.0,8,2,Beban Tinggi,2326
480.0,9,2,Beban Tinggi,2326
